{"cameraMode":{"drawMode":0,"name":"Shaded","section":"Shading Mode"},"sceneLighting":false,"audioPlay":false,"sceneViewState":{"m_AlwaysRefresh":false,"showFog":true,"showSkybox":false,"showFlares":true,"showImageEffects":true,"showParticleSystems":true,"showVisualEffectGraphs":true,"m_FxEnabled":false},"in2DMode":false,"pivot":{"x":-0.044479988515377048,"y":1.0093328952789307,"z":0.9218385219573975},"rotation":{"x":0.19242434203624726,"y":-0.7320728898048401,"z":0.23031523823738099,"w":0.611596941947937},"size":1.7538739442825318,"orthographic":false}