{"cameraMode":{"drawMode":0,"name":"Shaded","section":"Shading Mode"},"sceneLighting":false,"audioPlay":false,"sceneViewState":{"m_AlwaysRefresh":false,"showFog":true,"showSkybox":false,"showFlares":true,"showImageEffects":true,"showParticleSystems":true,"showVisualEffectGraphs":true,"m_FxEnabled":true},"in2DMode":false,"pivot":{"x":0.291689932346344,"y":0.8162867426872253,"z":-0.31946444511413576},"rotation":{"x":0.02867533266544342,"y":0.9567424654960632,"z":-0.1011282354593277,"w":0.27128738164901736},"size":1.0428720712661744,"orthographic":false}