{"cameraMode":{"drawMode":0,"name":"Shaded","section":"Shading Mode"},"sceneLighting":false,"audioPlay":false,"sceneViewState":{"m_AlwaysRefresh":false,"showFog":true,"showSkybox":false,"showFlares":true,"showImageEffects":true,"showParticleSystems":true,"showVisualEffectGraphs":true,"m_FxEnabled":true},"in2DMode":false,"pivot":{"x":-8.319150924682618,"y":0.8644971251487732,"z":1.1679980754852296},"rotation":{"x":0.05320384353399277,"y":-0.8923630714416504,"z":0.10924462974071503,"w":0.4346921741962433},"size":1.5688917636871338,"orthographic":false}