{"cameraMode":{"drawMode":0,"name":"Shaded","section":"Shading Mode"},"sceneLighting":false,"audioPlay":false,"sceneViewState":{"m_AlwaysRefresh":false,"showFog":true,"showSkybox":true,"showFlares":true,"showImageEffects":true,"showParticleSystems":true,"showVisualEffectGraphs":true,"m_FxEnabled":false},"in2DMode":false,"pivot":{"x":-6.880537986755371,"y":12.029816627502442,"z":-8.038740158081055},"rotation":{"x":0.3956989645957947,"y":0.0010766247287392617,"z":-0.0004879568878095597,"w":0.9184240698814392},"size":0.8660253882408142,"orthographic":false}