{"cameraMode":{"drawMode":0,"name":"Shaded","section":"Shading Mode"},"sceneLighting":false,"audioPlay":false,"sceneViewState":{"m_AlwaysRefresh":false,"showFog":true,"showSkybox":true,"showFlares":true,"showImageEffects":true,"showParticleSystems":true,"showVisualEffectGraphs":true,"m_FxEnabled":false},"in2DMode":false,"pivot":{"x":7.6677374839782719,"y":11.20869255065918,"z":-4.327918529510498},"rotation":{"x":0.36257973313331606,"y":-0.07566873729228974,"z":0.029540272429585458,"w":0.9284401535987854},"size":2.9071245193481447,"orthographic":false}